SAMPLE NO.	DOG'S NAME	BREED	SEX	WEIGHT
1	COSMO	LABRADOODLE	MALE	28 lbs
2	KIKI	LABRADOODLE	FEMALE	35 lbs
3	FERDL	BERGER PICARD	FEMALE	approx 60 lbs
4	JUAN TON	PUG	FEMALE	17.5 lbs
5	KONA	PIT BALL(AMERICAN STRATFORDSHIRE TERRIER)	FEMALE	82 lbs
6	MAXIMUS	GERMAN SHEPHERD & HUSKY MIX	MALE	80 lbs
7	PENELOPE	UNKNOWN MUTT FROM THE POUND	FEMALE	25 lbs
8	ABIGAIL	LABRADOR RETRIEVER (CHOCOLATE)	FEMALE	50 lbs
9	RONIN	HUSKY-PIT BULL-LABRADOR	MALE	55 lbs
10	WOOKIE	POMERANIAN	FEMALE	10 lbs
11	ZIGGY	ANGIE BUTLER	MALE	55 lbs
12	BELLA	CAVALIER KING CHARLES	FEMALE	20 lbs
13	MAYA	FRENCH BULLDOG	FEMALE	13 lbs
14	BRUCE	GREAT DANE	MALE	150 lbs
15	DACODA	CHOCOLATE LABRADOR	MALE	-
16	CHARLIE	GOLDEN RETRIEVER-LABRADOR-CHOW	MALE	92 lbs
17	LOLA	WEST HIGHLAND WHITE TERRIER	FEMALE	19 lbs
18	ELLIE	MORKIEPOO (MALTESE+YORKEE+POODLE) 	FEMALE	15 lbs
19	EASTON	GERMAN SHEPHERD MIX	MALE	70 lbs
20	HARRY	GOLDEN DOODLE	MALE	38 lbs
21	POOKA	-	MALE	-
22	JACK	HAVANESE	MALE	13 lbs
23	KONA2	PORTUGUESE WATER DOG	FEMALE	35 lbs
24	CHARLIE2	PORTUGUESE WATER DOG	FEMALE	42 lbs
25	KAZER	GERMAN SHORTHAIRED POINTER	MALE	63 lbs
26	CALI	YORKI TERRIER	FEMALE	12 lbs
27	LEILA	BLOODHOUND	FEMALE	130 lbs
28	LOLA2	AIREDALE TERRIER	FEMALE	80 lbs
29	LILY	GERMAN SHEPHERD 	FEMALE	73 lbs
30	WILLOW	GOLDEN RETRIEVER	FEMALE	82 lbs
31	DOBY	MORKIE 	MALE	10 lbs
32	LILO	ROTTWEILER	FEMALE	75 lbs
33	LUCY2	CHIHUAHUA MIX	FEMALE	8 lbs
34	LUCKY SHEA	CAVACHON	MALE	22 lbs
35	MEDWAY SHEA	DACHSHUND	MALE	18 lbs
36	MONA SHEA	DACHSHUND	FEMALE	17 lbs
37	SKY	FRENCH BULLDOG	FEMALE	31 lbs
38	COOKIE	FRENCH BULLDOG	FEMALE	19 lbs
39	LITTLE MAME	FRENCH BULLDOG	FEMALE	20 lbs
40	ROMEO	ISABELLE LILLAC (FRENCH BULLDOG) - RARE	MALE	30 lbs
41	BRONSON	ROTTWEILER	MALE	115 lbs
42	MISHA	CAUCASIAN SHEPHERD	MALE	170 lbs
43	LUCY	BICHON FRISE + SHIH TZU	FEMALE	11 lbs 
44	PICASSO	FRENCH BULLDOG	MALE	30 lbs
45	LUNA	FRENCH BULLDOG	FEMALE	26 lbs 
46	ASH	FRENCH BULLDOG	MALE	30 lbs
47	OCEAN	FRENCH BULLDOG	MALE	9 lbs
48	FERDL-2 replicate	BERGER PICARD	FEMALE	approx 60 lbs
49	NEFERTARI	CHIHUAHUA 	FEMALE	6 lbs
50	COSMO-2 replicate	LABRADOODLE	MALE	28 lbs
51	KIKI-2 replicate	LABRADOODLE	FEMALE	35 lbs
52	JUANA	JACK RUSSELL	FEMALE	10 lbs
53	BENTLEY ASPENKINGSTON	PURE BREED MATTESE	MALE	5 lbs
54	MABEL	WHIPPET	FEMALE	24 lbs
55	YARRA	AUSTRALIAN CATTLE DOG MIX WITH PITBULL TERRIER	FEMALE	38 lbs
56	VIVA	CHIHUAHUA MIX	FEMALE	11 lbs
57	INDIE	DOXIE MIX	FEMALE	15.51 lbs
58	JUAN TON replicate 	PUG	FEMALE	17.5 lbs
59	PEANUT	PUG + CHIHUAHUA	MALE	10 lbs
60	ROXY	CHIHUAHUA + POMERANIAN	FEMALE	25 lbs
61	MOLLY	PUG + CHIHUAHUA	FEMALE	-
62	CHANCHI ENRIQUE SANDOVAL	BORDER COLLIE	MALE	58 lbs
63	LA WETTA TAVALII	CHIHUAHUA	FEMALE	4 lbs
64	DRACO	LABRADOR RETRIEVER	MALE	70 lbs
65	MAUDE	BEDLINGTON TERRIER	FEMALE	19lbs
66	ATTICUS	BEDLINGTON TERRIER	MALE	23 lbs
67	ARCHER	LABRADOR RETRIEVER (PURE BRED)	MALE	105 lbs
68	RICKY	"CHIHUAHUA SH, SECONDARY BREED MIX"	MALE	19 lbs
69	DILIOS	BEAGLE	MALE	12 lbs
70	Clifford	Labrador Retriever	MALE	984 lbs
70	XERXES	CAIRN TERRIER MIX	MALE	18 lbs
71	Portia	Cavapoo (1/2 cavalier king charles spaniel 1/2 toy poodle	FEMALE	15 lbs
72	Stanley	Terrier Mix (German Shepherd)	MALE	29 lbs
73	Fable	"40% pomerarian, 37% chihuahua, 12% icelandic sheepdog, 6% keeshond, 5% Mi-ki (wisdom DNA panel)"	FEMALE	7.5 lbs
74	Marla	Old English Sheepdog	FEMALE	65 lbs
75	Reggie	Dachshund	MALE	9.2 lbs
76	Kasen	Black Labrador Retriever	MALE	70 lbs
77	Noki	Black Labrador Retriever	FEMALE	68.5 lbs
78	Echo	Mixed Husky/Belgian Malinois	MALE	78 lbs
79	Lapis	Greyhound	MALE	74 lbs
80	Sonic	Greyhound	MALE	77 lbs
81	Stella	Chinese Crested	FEMALE	14.7 lbs
82	Rowan	Greyhound	MALE	85 lbs
83	Phoenix	Greyhound	FEMALE	67 lbs
84	Spot	Jackrussel (chihuahua mix possibly)	MALE	32 lbs
85	George	Chiuahua	MALE	12 lbs
86	Renly	Australian Shepard	MALE	65 lbs
87	Tyrion	Australian Shepard	MALE	43 lbs
88	Ronan	"Dachshund, wirehaired (miniature)"	MALE	11 lbs
89	Jonah	"Dachshund, wirehaired (miniature)"	MALE	13 lbs
90	Cherry	"Dachshund, wirehaired (miniature)"	FEMALE	13 lbs
91	Bella	Labradoodle	FEMALE	50 lbs
92	Tristan	golden retriever/chesapeake bay retriver	MALE	80 lbs
93	Annie	black lab mix 	FEMALE	61 lbs
94	Lido	Irish Wolfhound	MALE	165 lbs
95	Rhiannon	Irish Wolfhound	FEMALE 	150 lbs
96	Bean	Irish Wolfhound	FEMALE 	130 lbs
97	Gracie_Jane_Rieber	Cavalier King Charles Spaniel	FEMALE	23 lbs
98	Sophie	Pomerarian	FEMALE	10 lbs
99	Jayden	Shiba Inu+Bichon Frise Mix	MALE	26 lbs
100	Gracie_Chin	Beagle Mix	FEMALE	45 lbs
101	Angelo_Branko	Bullmastiff	MALE	109 lbs
102	Misty_Blue	Bullmastiff	FEMALE	101 lbs
103	Bianca_Starr	Bullmastiff	FEMALE	100 lbs
104	Hunter	Irish Wolfhound	MALE	165 lbs
105	Havoc	Irish Wolfhound	MALE	155 lbs
106	Titus	St Bernard	MALE	110 lbs
107	Karma	French Bulldog	FEMALE	20 lbs
108	Millie Solberg	Miniature Schnauzer	FEMALE	16 lbs
109	Josie	English Springer Spaniel	FEMALE	35 lbs
110	Ronnie	English Springer Spaniel	FEMALE	45 lbs
111	Alice	English Springer Spaniel	FEMALE	45 lbs
112	Helix	3/4 Alaskan Sled Dog+ 1/4 Saluki	FEMALE	45 lbs
113	Codon	3/4 Alaskan Sled Dog+ 1/4 Saluki	MALE	42 lbs
114	Indel	3/4 Alaskan Sled Dog+ 1/4 Saluki	FEMALE	45 lbs
115	Frannie	Saluki+Alaskan sled dog (50/50)	FEMALE	45 lbs
116	Peter	Golden Retriever+Labrador retriever (50/50)	MALE	65 lbs
117	Trooper Jade Walker	Chocolate American Lab	FEMALE	80 lbs
118	Eliza	Pit Mix	FEMALE	45 lbs
119	Kiva	Rhodesian Ridgeback	FEMALE	80 lbs
120	Lola	Mixed 	FEMALE	35 lbs
121	Pepper	Mixed Cocker Spaniel/Shitzu	FEMALE	24.5 lbs
122	Julia	Australian Shepherd	FEMALE	41.7lbs
123	Spirit	Australian Shepherd	MALE	47.20 lbs
124	Una	Australian Shepherd	FEMALE	45.2 lbs
125	Gracie	Australian Shepherd	FEMALE	41.8 lbs
126	Bailiwick Songbird	Australian Shepherd	FEMALE	42.3 lbs
127	Sophie Maria Roberts	Australian Shepherd	FEMALE	50 lbs
128	Saoirse May Roberts	Australian Shepherd	FEMALE	30 lbs
129	Fuze	Australian Shepherd	MALE	60 lbs
130	Chase	Australian Shepherd	MALE	50 lbs
131	Lola	Australian Shepherd	FEMALE	40 lbs
132	Blizzard	Australian Shepherd	MALE	40 lbs
133	Cleopatra	Sphepard Mix	FEMALE	50 lbs
